{
  "ShowSendToMenu": false,
  "ShowOpenInNewWindow": true,
  "AppThemeSidebarBackgroundColor": "",
  "ShowGitLastCommitDateColumn": false,
  "ShowOpenInNewPane": true,
  "DateTimeFormat": 1,
  "NameColumnWidth": 240,
  "AppThemeBackgroundImageHorizontalAlignment": 1,
  "GitStatusColumnWidth": 80,
  "OpenItemsWithOneClick": false,
  "UserId": "07755255-806a-4d1c-98ac-eedce2fa1d2d",
  "FileTagsWidgetExpanded": false,
  "AppThemeBackgroundColor": "#00000000",
  "IsDriveSectionExpanded": true,
  "SelectFilesOnHover": false,
  "GitCommitAuthorColumnWidth": 140,
  "AppThemeFontFamily": "Segoe UI Variable",
  "AppThemeToolbarBackgroundColor": "",
  "ScrollToPreviousFolderWhenNavigatingUp": true,
  "IsWslSectionExpanded": false,
  "ShowCreateFolderWithSelection": false,
  "DetailsViewSize": 1,
  "ShowCopyPath": true,
  "ShowNetworkLocationsWidget": true,
  "DoubleClickToGoUp": false,
  "NetworkLocationsWidgetExpanded": false,
  "DefaultSortDirectoriesAlongsideFiles": false,
  "ShowQuickAccessWidget": true,
  "IsPinnedSectionExpanded": true,
  "ShowDateColumn": true,
  "ShowCreateShortcut": true,
  "IsSidebarOpen": true,
  "GridViewSize": 8,
  "RestoreTabsOnStartup": false,
  "AppThemeAddressBarBackgroundColor": "",
  "AppThemeBackgroundImageFit": 2,
  "ShowPinnedSection": true,
  "ShowGitLastCommitShaColumn": false,
  "IsInfoPaneEnabled": false,
  "ShowFileExtensionWarning": true,
  "DefaultDirectorySortDirection": 0,
  "ShowGitLastCommitMessageColumn": false,
  "ColumnLayoutOpenFoldersWithOneClick": true,
  "AppThemeInfoPaneBackgroundColor": "",
  "AlwaysOpenDualPaneInNewTab": false,
  "ShowSyncStatusColumn": true,
  "DefaultLayoutMode": 5,
  "GitLastCommitMessageColumnWidth": 140,
  "ContinueLastSessionOnStartUp": true,
  "TypeColumnWidth": 140,
  "ShowStatusCenterTeachingTip": false,
  "ShowCheckboxesWhenSelectingItems": true,
  "ShowGitStatusColumn": false,
  "ShowOpenInNewTab": true,
  "ShowDrivesSection": true,
  "ShowSizeColumn": true,
  "ShowFileExtensions": true,
  "SyncStatusColumnWidth": 50,
  "MoveShellExtensionsToSubMenu": true,
  "ShowSystemTrayIcon": true,
  "SidebarWidth": 202.95590209960938,
  "ShowTypeColumn": true,
  "GitLastCommitDateColumnWidth": 140,
  "IsNetworkSectionExpanded": false,
  "DateModifiedColumnWidth": 200,
  "VerticalSizePx": 779,
  "ShowProtectedSystemFiles": false,
  "ShowThumbnails": true,
  "ShowGitCommitAuthorColumn": false,
  "ListViewSize": 2,
  "OpenSpecificPageOnStartup": false,
  "ShowHiddenItems": false,
  "ShowFileTagsWidget": true,
  "IsEnabled": false,
  "ShowDateDeletedColumn": true,
  "AreAlternateStreamsVisible": false,
  "LeaveAppRunning": true,
  "ShowTabActions": true,
  "ConflictsResolveOption": 0,
  "AppThemeFileAreaSecondaryBackgroundColor": "",
  "ShowDotFiles": true,
  "RecentFilesWidgetExpanded": false,
  "ShowRecentFilesWidget": false,
  "ShowDateCreatedColumn": false,
  "OpenNewTabOnStartup": false,
  "ShowFileTagColumn": true,
  "DateCreatedColumnWidth": 200,
  "ShowPathColumn": true,
  "ShowBackgroundRunningNotification": false,
  "DeleteConfirmationPolicy": 0,
  "DrivesWidgetExpanded": false,
  "TabsOnStartupList": null,
  "SizeColumnWidth": 100,
  "ShowFileTagsSection": true,
  "OpenFoldersInNewTab": false,
  "AppThemeBackgroundImageSource": "C:\\Users\\cjasa\\OneDrive - Midtown Health Center\\Pictures\\Fun\\Terminal BG stuff\\TermBG.png",
  "ShowNetworkSection": true,
  "OpenInIDEOption": 0,
  "SyncFolderPreferencesAcrossDirectories": false,
  "IsFileTagsSectionExpanded": true,
  "AppThemeBackdropMaterial": 0,
  "CalculateFolderSizes": false,
  "DefaultSortOption": 0,
  "ShowHomeButton": false,
  "ColumnsViewSize": 2,
  "ShowOriginalPathColumn": true,
  "ShowCloudDrivesSection": true,
  "ShowWslSection": true,
  "ShowLibrarySection": false,
  "PathColumnWidth": 200,
  "DateDeletedColumnWidth": 200,
  "DefaultGroupByDateUnit": 0,
  "FoldersWidgetExpanded": true,
  "GitLastCommitShaColumnWidth": 80,
  "DefaultGroupOption": 0,
  "OriginalPathColumnWidth": 200,
  "ActionsV2": null,
  "IsCloudDriveSectionExpanded": false,
  "ShowCompressionOptions": false,
  "ShowEditTagsMenu": true,
  "DefaultSortFilesFirst": false,
  "DefaultDirectoryGroupDirection": 0,
  "ShowFlattenOptions": false,
  "AppThemeFileAreaBackgroundColor": "",
  "AppThemeMode": "Default",
  "TagColumnWidth": 140,
  "AppThemeBackgroundImageOpacity": 0.5,
  "ShellPaneArrangementOption": 1,
  "AppThemeBackgroundImageVerticalAlignment": 2,
  "ShowToolbar": true,
  "ShowDrivesWidget": true,
  "OpenTabInExistingInstance": true,
  "SelectedTab": 1
}